<?xml version="1.0" encoding="UTF-8" standalone="yes"?>
<addon id="repository.spacys.plugins" name="Spacy's Repository" version="0.0.1" provider-name="spacy">
	<extension point="xbmc.addon.repository" name="Spacy's Repository">
		<info compressed="false">https://raw.githubusercontent.com/spacys/mediathek/addons.xml</info>
		<checksum>https://raw.githubusercontent.com/spacys/mediathek/addons.xml.md5</checksum>
		<datadir zip="true">https://raw.githubusercontent.com/spacys/mediathek/</datadir>
	</extension>
	<extension point="xbmc.addon.metadata">
		<summary>Spacy's Repository</summary>
		<description>Kodi Amazon Music Add-on</description>
		<disclaimer>Some parts of this addon may not be legal in your country of residence - please check with your local laws before installing.</disclaimer>
		<platform>all</platform>
	</extension>
</addon>
